title,link,budget,platform,company,location,salary,posted,easy_apply,company_rating,skills,posted_date,descriptions,headquarters
High-End TCG Collection App,https://www.freelancer.com/projects/web-development/high-end-tcg-collection-app,$1194Avg Bid,freelancer,,,,,,,,,,
Expert Perl Mason Developer,https://www.freelancer.com/projects/postgresql/expert-perl-mason-developer,$11 / hrAvg Bid,freelancer,,,,,,,,,,
Shopify Theme Customisation & App Integration,https://www.freelancer.com/projects/shopify-development/shopify-theme-customisation-app,$91Avg Bid,freelancer,,,,,,,,,,
Business File-Sharing Web App,https://www.freelancer.com/projects/angular-js/business-file-sharing-web-app,$495Avg Bid,freelancer,,,,,,,,,,
Bootstrap 5.3 Redesign and css update,https://www.freelancer.com/contest/bootstrap-redesign-and-css-update-2633363,$222,freelancer,,,,,,,,,,
Goge Coine,https://www.freelancer.com/contest/goge-coine-2633360,$10,freelancer,,,,,,,,,,
Indian Brand Identity & Strategy,https://www.freelancer.com/projects/branding/indian-brand-identity-strategy,$210Avg Bid,freelancer,,,,,,,,,,
Logo & Flyer Design Project,https://www.freelancer.com/projects/adobe-illustrator/logo-flyer-design-project,$203Avg Bid,freelancer,,,,,,,,,,
Full-Stack CMS Web App Build,https://www.freelancer.com/projects/full-stack-development/full-stack-cms-web-app,$15 / hrAvg Bid,freelancer,,,,,,,,,,
"Pocket Options, Quotex Auto Trading Software",https://www.freelancer.com/projects/api-developmet/pocket-options-quotex-auto-trading,$120Avg Bid,freelancer,,,,,,,,,,
IT & Web Development Specialist,"https://www.glassdoor.com/job-listing/it-web-development-specialist-serdal-holding-JV_IC2203308_KO0,29_KE30,44.htm?jl=1009878823440",,glassdoor,Serdal Holding,Abu Dhabi,AED 4K - AED 6K (Employer provided),16d,True,,,,,
Web Content,"https://www.glassdoor.com/job-listing/web-content-mandilak-JV_IC2203308_KO0,11_KE12,20.htm?jl=1005606997031",,glassdoor,Mandilak,Abu Dhabi,Salary not specified,30d+,,-0.1,,,,
Web Developer,"https://www.glassdoor.com/job-listing/web-developer-jarrah-foodstuff-trading-llc-JV_IC2203308_KO0,13_KE14,42.htm?jl=1009864390732",,glassdoor,JARRAH FOODSTUFF TRADING L.L.C.,Abu Dhabi,Salary not specified,30d,True,,,,,
Front-End Developer - React Native and React (Web),"https://www.glassdoor.com/job-listing/front-end-developer-react-native-and-react-web-dicetek-llc-JV_IC2203308_KO0,46_KE47,58.htm?jl=1009888482179",,glassdoor,Dicetek LLC,Abu Dhabi,Salary not specified,6d,True,4.3,,,,
Full Stack Web & Mobile App Developer,"https://www.glassdoor.com/job-listing/full-stack-web-mobile-app-developer-patina-interior-design-and-decoration-JV_IC2203308_KO0,35_KE36,73.htm?jl=1009888311054",,glassdoor,Patina Interior Design and Decoration,Abu Dhabi,AED 6K - AED 10K (Employer provided),6d,True,,,,,
Web and Application Development,"https://www.glassdoor.com/job-listing/web-and-application-development-mandilak-JV_IC2203308_KO0,31_KE32,40.htm?jl=1005606997021",,glassdoor,Mandilak,Abu Dhabi,Salary not specified,30d+,,-0.1,,,,
Marketing Web Developer,"https://www.glassdoor.com/job-listing/marketing-web-developer-ddesigny-com-JV_IC2203308_KO0,23_KE24,36.htm?jl=1009889854360",,glassdoor,Ddesigny.com,Abu Dhabi,AED 3K - AED 4K (Employer provided),4d,True,,,,,
Business Development Partner,"https://www.glassdoor.com/job-listing/business-development-partner-metricoid-technology-solutions-private-limited-JV_IC2203308_KO0,28_KE29,75.htm?jl=1009866941508",,glassdoor,Metricoid Technology Solutions Private Limited,Abu Dhabi,AED 5K - AED 20K (Employer provided),27d,True,4.0,,,,
Web Hosting Specialist,"https://www.glassdoor.com/job-listing/web-hosting-specialist-servoo-general-trading-llc-JV_IC2203308_KO0,22_KE23,49.htm?jl=1009886800323",,glassdoor,Servoo General Trading LLC,Abu Dhabi,Salary not specified,8d,True,,,,,
L2- IT Support Technician,"https://www.glassdoor.com/job-listing/l2-it-support-technician-dicetek-llc-JV_IC2203308_KO0,24_KE25,36.htm?jl=1009585561484",,glassdoor,Dicetek LLC,Abu Dhabi,Salary not specified,30d+,True,4.3,,,,
WordPress Developer and Websitesâ€™ Admin,"https://www.glassdoor.com/job-listing/wordpress-developer-and-websites-admin-oia-properties-JV_IC2203308_KO0,38_KE39,53.htm?jl=1009840304481",,glassdoor,Oia Properties,Abu Dhabi,Salary not specified,30d+,True,4.0,,,,
AI Engineer,"https://www.glassdoor.com/job-listing/ai-engineer-diverge-ai-developing-services-JV_IC2203308_KO0,11_KE12,42.htm?jl=1009887434612",,glassdoor,Diverge AI Developing Services,Abu Dhabi,AED 6K - AED 10K (Employer provided),7d,True,,,,,
Website Designer & Programmer,"https://www.glassdoor.com/job-listing/website-designer-programmer-global-web-marketing-llc-JV_IC2203308_KO0,27_KE28,52.htm?jl=1009869074518",,glassdoor,Global Web Marketing LLC,Abu Dhabi,AED 4K (Employer provided),25d,True,,,,,
Website Designer,"https://www.glassdoor.com/job-listing/website-designer-nature-for-environmental-and-agricultural-solutions-llc-JV_IC2203308_KO0,16_KE17,72.htm?jl=1009888863464",,glassdoor,Nature for Environmental and Agricultural Solutions L.L.C,Abu Dhabi,AED 4K - AED 5K (Employer provided),6d,True,,,,,
Full Stack Developer,"https://www.glassdoor.com/job-listing/full-stack-developer-oasis-livestock-company-JV_IC2203308_KO0,20_KE21,44.htm?jl=1009875388698",,glassdoor,Oasis Livestock Company,Abu Dhabi,AED 5K - AED 7K (Employer provided),20d,True,,,,,
Frontend Developer (React / Next.js / TypeScript),"https://www.glassdoor.com/job-listing/frontend-developer-react-next-js-typescript-nanovoltz-JV_IC2203308_KO0,43_KE44,53.htm?jl=1009868989353",,glassdoor,nanoVoltz,Abu Dhabi,AED 3K - AED 5K (Employer provided),25d,True,,,,,
UI/UX Designer,"https://www.glassdoor.com/job-listing/ui-ux-designer-cloudjune-technologies-llc-JV_IC2203308_KO0,14_KE15,41.htm?jl=1009877245193",,glassdoor,CloudJune Technologies LLC,Abu Dhabi,AED 18K (Employer provided),17d,True,,,,,
ReactJS Frontend Developer,"https://www.glassdoor.com/job-listing/reactjs-frontend-developer-dicetek-llc-JV_IC2203308_KO0,26_KE27,38.htm?jl=1009585561883",,glassdoor,Dicetek LLC,Abu Dhabi,Salary not specified,30d+,True,4.3,,,,
Full Stack Developer,"https://www.glassdoor.com/job-listing/full-stack-developer-ideacrate-edutainment-JV_IC2203308_KO0,20_KE21,42.htm?jl=1009888385736",,glassdoor,IdeaCrate Edutainment,Abu Dhabi,AED 8K - AED 10K (Employer provided),6d,True,,,,,
Full-Stack Developer (Senior) â€” Digital Transformation & Industrial IoT,"https://www.glassdoor.com/job-listing/full-stack-developer-senior-digital-transformation-industrial-iot-everest-hospitality-and-catering-JV_IC2203308_KO0,65_KE66,98.htm?jl=1009896287086",,glassdoor,EVEREST HOSPITALITY AND CATERING,Abu Dhabi,Salary not specified,24h,True,,,,,
"Software Development Engineer, Web Information System",https://www.indeed.com/rc/clk?jk=da929addc8185758&bb=RDgJ5UBtpWR22bJTZ0HEhQ1VHeUzPSsA58PCynfSFKtg4gO5Kysf_O8sA5oGCmDG5SazEc1T9p9jHYBDpHJ4m5s7TAWwpa6bRzKv-AsiCThY6us-Q-R7GeH0QgSLjlA3&xkcb=SoC567M3sVN0jrgDMz0LbzkdCdPP&fccid=5cc0cdc6dbb121cc&vjs=3,,indeed,Company not specified,,,,,,,,,
"Front-End Engineer II, Zappos Tech",https://www.indeed.com/rc/clk?jk=10c42163f71cd835&bb=RDgJ5UBtpWR22bJTZ0HEhaSM_nHD2FfAnk_wR-0pmA17Mzpy7_zBNhD7IhtKQcoeMjf3bDEgbpllG2ptjhzqJS6AU_QNsy-928DA8ZEdW3IGKvGOzNDKqQFNrs4hRdXc&xkcb=SoAN67M3sVN0jrgDMz0KbzkdCdPP&fccid=fe2d21eef233e94a&vjs=3,,indeed,Company not specified,,,,,,,,,
"Designer, Amazon News, Amazon News",https://www.indeed.com/rc/clk?jk=6e049e92e3886fab&bb=RDgJ5UBtpWR22bJTZ0HEhULQ3khspDmUzKR6UQVzYzsT3Sv-j_A-AjUMM8VzIXIejUbVvYhPrfERD6vCc4O9M_egnpgjOxDYO9dRvDrtf0n-gbEcTXA3XXK44IKUkmjk&xkcb=SoCQ67M3sVN0jrgDMz0JbzkdCdPP&fccid=fe2d21eef233e94a&vjs=3,,indeed,Company not specified,,,,,,,,,
"Principal UX Designer, Amazon Advertiser UX",https://www.indeed.com/rc/clk?jk=de16349a0d58c1e1&bb=RDgJ5UBtpWR22bJTZ0HEhUJDB58SJ1qGDIheQOZy6CCLiipTfinZlUFrSr_-wQdhzQlt3J8EvQIFSsIAWXxchlQ-wPY9yb8lxJoEveg622UHMFemZCnUeFvB3BVw_Cl4&xkcb=SoAk67M3sVN0jrgDMz0IbzkdCdPP&fccid=fe2d21eef233e94a&vjs=3,,indeed,Company not specified,,,,,,,,,
Amazon Web Service (AWS) Operations Engineer,https://www.indeed.com/rc/clk?jk=2fd2045945514f78&bb=RDgJ5UBtpWR22bJTZ0HEhdWWI-9cVPEI76EsYuKhJufPLN_ND1EJhv7PFR6xErfOTEm0eThuYlzzxkxGNS6jl_JxH7T5QYoqY-UOrMC1ior7vLq15HE-BUw3u5gpmi-p&xkcb=SoCq67M3sVN0jrgDMz0PbzkdCdPP&fccid=7cddde93ab3147d1&vjs=3,,indeed,Company not specified,,,,,,,,,
"Web Engineer, Claris",https://www.indeed.com/rc/clk?jk=03c8d677a5fb3813&bb=RDgJ5UBtpWR22bJTZ0HEhbJqvA_M0AcBlGXm7tF7EyxGiG1kRFx-Dt6xEMqkT1iDtZpcO3j_XB_sVaaMFB91dP-BHREx1207kk4gjT9txU8k16fnQ2q0hShV5EE2wmbN&xkcb=SoAe67M3sVN0jrgDMz0ObzkdCdPP&fccid=c1099851e9794854&vjs=3,,indeed,Company not specified,,,,,,,,,
Sightline Sr. Software Engineer (IT-Sightline),https://www.indeed.com/rc/clk?jk=bb8ec356d15333d5&bb=RDgJ5UBtpWR22bJTZ0HEhUJDB58SJ1qGUL4ZI2XTiUeW5WGxWMz87AGJrV7yfIHGMgX0zB40LWrXG0kQo9snVw1PYpx7Cu_ZfjQww8NkQWB6TqoShKcLtqmRkpmhTFN7&xkcb=SoCD67M3sVN0jrgDMz0NbzkdCdPP&fccid=f34acbd24dd4fcb0&vjs=3,,indeed,Company not specified,,,,,,,,,
Web Developer,https://www.indeed.com/rc/clk?jk=c32e80cb7bfa8799&bb=RDgJ5UBtpWR22bJTZ0HEhXHJwDXakkWDzPVnVZ7RHqYO01qSoYWulQCmlmayjkJejoRMVPRBqbW2A48lqUTNypAOiFFC0ECczGNFSLzpm26A-p9jHsIIDKIaRjQekjIe&xkcb=SoA367M3sVN0jrgDMz0MbzkdCdPP&fccid=8b7f85fc2925fd7d&vjs=3,,indeed,Company not specified,,,,,,,,,
Web Developer,https://www.indeed.com/rc/clk?jk=05120367165d1e4d&bb=RDgJ5UBtpWR22bJTZ0HEhcjqJExU8BgDx0zJQjN45foOpHZn-FTsQ09WrIo0Md9oKA5hZbrJditpmVqv_nDs11CnPk_E43rYPWxnyGYBs4os4-SfeoT16XMuCytloQ5x&xkcb=SoDe67M3sVN0jrgDMz0DbzkdCdPP&fccid=092f141e0d555b6d&vjs=3,,indeed,Company not specified,,,,,,,,,
Wordpress Developer,https://www.timesjobs.com/job-detail/wordpress-developer-web-decorum-mumbai-2-to-5-yrs-jobid-YoU7rZA__SLASH__xchzpSvf__PLUS__uAgZw==&source=srp,,timesjobs,webdecorum,,,few days ago,,,Skills not specified,,,
Search Engine Optimization Team Lead,https://www.timesjobs.com/job-detail/search-engine-optimization-team-lead-web-decorum-gurgaon-4-to-5-yrs-jobid-CYn4WWqbbUhzpSvf__PLUS__uAgZw==&source=srp,,timesjobs,webdecorum,,,few days ago,,,Skills not specified,,,
Asterisk developer,https://www.timesjobs.com/job-detail/asterisk-developer-web-decorum-gurgaon-2-to-5-yrs-jobid-JSATtAozkfBzpSvf__PLUS__uAgZw==&source=srp,,timesjobs,webdecorum,,,few days ago,,,Skills not specified,,,
Sales Executive  ( Lead Generation ),https://www.timesjobs.com/job-detail/sales-executive-lead-generation-web-decorum-gurgaon-2-to-5-yrs-jobid-q6wCw38r4t9zpSvf__PLUS__uAgZw==&source=srp,,timesjobs,webdecorum,,,Posted today,,,Skills not specified,,,
Flutter Developer,https://www.timesjobs.com/job-detail/flutter-developer-web-decorum-gurgaon-2-to-5-yrs-jobid-a7yq__PLUS__cvCryFzpSvf__PLUS__uAgZw==&source=srp,,timesjobs,webdecorum,,,few days ago,,,Skills not specified,,,
SEO Executive,https://www.timesjobs.com/job-detail/seo-executive-web-decorum-gurgaon-2-to-4-yrs-jobid-d8kLmVADD4pzpSvf__PLUS__uAgZw==&source=srp,,timesjobs,webdecorum,,,few days ago,,,Skills not specified,,,
PHP Developer,https://www.timesjobs.com/job-detail/php-developer-web-decorum-gurgaon-1-to-3-yrs-jobid-6HL2WafHDdtzpSvf__PLUS__uAgZw==&source=srp,,timesjobs,webdecorum,,,few days ago,,,Skills not specified,,,
Magento 2 Developer,https://www.timesjobs.com/job-detail/magento-2-developer-web-decorum-gurgaon-0-to-3-yrs-jobid-fW9W6qQIrylzpSvf__PLUS__uAgZw==&source=srp,,timesjobs,webdecorum,,,few days ago,,,Skills not specified,,,
International Business Development,https://www.timesjobs.com/job-detail/international-business-development-web-decorum-gurgaon-2-to-5-yrs-jobid-ymaMD0nMfHBzpSvf__PLUS__uAgZw==&source=srp,,timesjobs,webdecorum,,,few days ago,,,Skills not specified,,,
PPC Executive,https://www.timesjobs.com/job-detail/ppc-executive-web-decorum-chennai-3-to-6-yrs-jobid-cpT__SLASH__Hw48GBBzpSvf__PLUS__uAgZw==&source=srp,,timesjobs,webdecorum,,,few days ago,,,Skills not specified,,,
"9 days agoWeb Content Specialist, Web Content Writer IV",https://remote.co/job-details/web-content-specialist-web-content-writer-iv-ac51366d-b3e8-4cc9-b4e9-c0e2f05e255c,,remote,,"Hybrid Remote in Mountain View, CA",,,,,,"Web Content Specialist, Web Content Writer IV","['Hybrid Remote Work', 'Temporary', '$95 - $100 Hourly']",
"New!4 days agoWeb Content Specialist, Web Content Writer II",https://remote.co/job-details/web-content-specialist-web-content-writer-ii-c33738aa-ed6d-4bf7-a8f0-738492cb81bb,,remote,,"Hybrid Remote in San Diego, CA",,,,,,4 days ago,"['Hybrid Remote Work', 'Temporary', '$53 - $57 Hourly']",
oii,,,remote,,,,,,,,,[],
2 weeks agoAmazon Web Service Developer Subject Matter Expert,https://remote.co/job-details/amazon-web-service-developer-subject-matter-expert-15adc4df-0eeb-43a5-9556-c324e23b8bae,,remote,,"Remote, US National",,,,,,Amazon Web Service Developer Subject Matter Expert,"['100% Remote Work', 'Full-Time', 'Employee', '$191,404 - $258,958 Annually']",
30+ days agoBack-End Web and Application Engineer,https://remote.co/job-details/back-end-web-and-application-engineer-df50e883-b08f-4153-bd48-1a49b8ea455e,,remote,,"Remote, US National",,,,,,Back-End Web and Application Engineer,"['100% Remote Work', 'Full-Time', 'Employee']",
30+ days agoCloud Web Engineer,https://remote.co/job-details/cloud-web-engineer-d54be2e7-6810-45df-9bbd-e0ede3650945,,remote,,Remote in Poland,,,,,,Cloud Web Engineer,"['100% Remote Work', 'Freelance']",
30+ days agoWeb Scraping Specialist,https://remote.co/job-details/web-scraping-specialist-7b3a49f7-7213-4ff9-84fc-de0fe9195df5,,remote,,"Hybrid Remote in Budapest, BU, Hungary",,,,,,Web Scraping Specialist,"['Hybrid Remote Work', 'Full-Time', 'Employee']",
30+ days agoFull Stack Web Developer,https://remote.co/job-details/full-stack-web-developer-a0b7fff7-87a8-4c85-bfa8-b7565216b0fe,,remote,,"Remote, US National",,,,,,Full Stack Web Developer,"['100% Remote Work', 'Full-Time', 'Employee']",
30+ days agoWeb Analytics - Adobe Manager,https://remote.co/job-details/web-analytics-adobe-manager-3cc17166-0893-42a3-a16a-9d774c13fa1e,,remote,,"Hybrid Remote in Lincolnshire, IL",,,,,,Web Analytics - Adobe Manager,"['Hybrid Remote Work', 'Temporary', '$50 - $70 Hourly']",
30+ days agoHead of Web Strategy,https://remote.co/job-details/head-of-web-strategy-a158342c-2e5b-4d4b-864f-951bd09fbffd,,remote,,"Remote, US National",,,,,,Head of Web Strategy,"['100% Remote Work', 'Full-Time', 'Employee', '$170,000 - $200,000 Annually']",
Fullstack Engineer,https://weworkremotely.com/company/contra,,weworkremotely,Contra,,,,,,Full-Stack Programming Jobs,,"['Featured', 'Top 100', 'Full-Time', '$100,000 or more USD', 'ðŸ‡¨ðŸ‡¦ Canada']","San Francisco, CA"
Senior TypeScript SDK Engineer,https://weworkremotely.com/company/nutrient,,weworkremotely,Nutrient,,,,,,Full-Stack Programming Jobs,,"['Featured', 'Full-Time', 'ðŸ‡§ðŸ‡¬ Bulgaria', 'ðŸ‡¨ðŸ‡¿ Czechia', 'ðŸ‡ªðŸ‡ª Estonia', 'ðŸ‡­ðŸ‡º Hungary', 'ðŸ‡±ðŸ‡¹ Lithuania', 'ðŸ‡±ðŸ‡» Latvia', 'ðŸ‡µðŸ‡± Poland', 'ðŸ‡·ðŸ‡´ Romania', 'ðŸ‡·ðŸ‡¸ Serbia', 'ðŸ‡¸ðŸ‡® Slovenia', 'ðŸ‡¸ðŸ‡° Slovakia', 'ðŸ‡ºðŸ‡¦ Ukraine']","Raleigh, NC, USA"
Software engineer,https://weworkremotely.com/company/sticker-mule,,weworkremotely,Sticker Mule,,,,,,Full-Stack Programming Jobs,,"['Featured', 'Top 100', 'Full-Time', '$100,000 or more USD', 'Anywhere in the World']","New York, NY"
[Electronic Music] Senior Full Stack Software Engineer,https://weworkremotely.com/company/proton,,weworkremotely,Proton,,,,,,Full-Stack Programming Jobs,,"['Featured', 'Full-Time', 'ðŸ‡¦ðŸ‡¬ Antigua and Barbuda', 'ðŸ‡¦ðŸ‡· Argentina', 'ðŸ‡§ðŸ‡´ Bolivia (Plurinational State of)', 'ðŸ‡§ðŸ‡· Brazil', 'ðŸ‡§ðŸ‡¸ Bahamas', 'ðŸ‡§ðŸ‡¿ Belize', 'ðŸ‡¨ðŸ‡± Chile', 'ðŸ‡¨ðŸ‡´ Colombia', 'ðŸ‡¨ðŸ‡· Costa Rica', 'ðŸ‡¨ðŸ‡º Cuba', 'ðŸ‡©ðŸ‡´ Dominican Republic', 'ðŸ‡ªðŸ‡¨ Ecuador', 'ðŸ‡¬ðŸ‡© Grenada', 'ðŸ‡¬ðŸ‡« French Guiana', 'ðŸ‡¬ðŸ‡¹ Guatemala', 'ðŸ‡¬ðŸ‡¾ Guyana', 'ðŸ‡­ðŸ‡³ Honduras', 'ðŸ‡­ðŸ‡¹ Haiti', 'ðŸ‡¯ðŸ‡² Jamaica', 'ðŸ‡°ðŸ‡³ Saint Kitts and Nevis', 'ðŸ‡±ðŸ‡¨ Saint Lucia', 'ðŸ‡²ðŸ‡½ Mexico', 'ðŸ‡³ðŸ‡® Nicaragua', 'ðŸ‡µðŸ‡¦ Panama', 'ðŸ‡µðŸ‡ª Peru', 'ðŸ‡µðŸ‡¾ Paraguay', 'ðŸ‡¸ðŸ‡· Suriname', 'ðŸ‡¸ðŸ‡» El Salvador', 'ðŸ‡¹ðŸ‡¹ Trinidad and Tobago', 'ðŸ‡ºðŸ‡¾ Uruguay', 'ðŸ‡»ðŸ‡¨ Saint Vincent and the Grenadines', 'ðŸ‡»ðŸ‡ª Venezuela (Bolivarian Republic of)']",USA
Coding bootcamp - Job Guaranteed,https://link.metana.io/weworkremotely,,weworkremotely,Metana,,,,,,Full-Stack Programming Jobs,,[],"Learn job-ready skills on your schedule with 1-on-1 support & get a job, or your money back."
Node.js Backend Engineer,https://weworkremotely.com/company/clouddevs,,weworkremotely,CloudDevs,,,,,,Full-Stack Programming Jobs,,"['Featured', 'Full-Time', 'Anywhere in the World']",San Francisco
Senior Shopify Developer Remote,https://weworkremotely.com/company/clouddevs,,weworkremotely,CloudDevs,,,,,,Full-Stack Programming Jobs,,"['Featured', 'Full-Time', 'Anywhere in the World']",San Francisco
Full Stack Developer - YouTube Education Platform,https://weworkremotely.com/company/million-view-club,,weworkremotely,Million View Club,,,,,,Full-Stack Programming Jobs,,"['Featured', 'Full-Time', 'Anywhere in the World']",Amsterdam
AI-Focused Ruby on Rails Engineer,https://weworkremotely.com/company/rivo-commerce,,weworkremotely,Rivo Commerce,,,,,,Full-Stack Programming Jobs,,"['Featured', 'Full-Time', 'ðŸ‡¦ðŸ‡º Australia', 'ðŸ‡§ðŸ‡· Brazil', 'ðŸ‡¨ðŸ‡¦ Canada', 'ðŸ‡¨ðŸ‡­ Switzerland', 'ðŸ‡¨ðŸ‡´ Colombia', 'ðŸ‡¨ðŸ‡· Costa Rica', 'ðŸ‡©ðŸ‡ª Germany', 'ðŸ‡ªðŸ‡¸ Spain', 'ðŸ‡«ðŸ‡· France', 'ðŸ‡¬ðŸ‡§ United Kingdom of Great Britain and Northern Ireland', 'ðŸ‡­ðŸ‡° Hong Kong', 'ðŸ‡®ðŸ‡ª Ireland', 'ðŸ‡²ðŸ‡½ Mexico', 'ðŸ‡µðŸ‡ª Peru', 'ðŸ‡µðŸ‡· Puerto Rico', 'ðŸ‡·ðŸ‡´ Romania', 'ðŸ‡¸ðŸ‡ª Sweden', 'ðŸ‡¸ðŸ‡® Slovenia', 'ðŸ‡¸ðŸ‡» El Salvador', 'ðŸ‡ºðŸ‡¸ United States of America', 'ðŸ‡¿ðŸ‡¦ South Africa']",United States
"Senior Full-Stack Engineer â€” CRM Platform (Remote, High Ownership)",https://weworkremotely.com/company/tasty-llc,,weworkremotely,Tasty LLC,,,,,,Full-Stack Programming Jobs,,"['Featured', 'Full-Time', '$50,000 - $74,999 USD', 'Anywhere in the World']",Tasty LLC
Senior Fullstack Developer,https://weworkremotely.com/company/zencastr,,weworkremotely,Zencastr,,,,,,Full-Stack Programming Jobs,,"['Featured', 'Full-Time', 'Anywhere in the World']",Zencastr
Full-Stack Developer (TypeScript/Next.js â€¢ Cloud),https://weworkremotely.com/company/vidrush,,weworkremotely,VidRush,,,,,,Full-Stack Programming Jobs,,"['Featured', 'Full-Time', '$50,000 - $74,999 USD', 'Anywhere in the World']",UK
Senior Webflow Developer / Full-Stack Web Developer (Contract),https://weworkremotely.com/company/trojan-holdings-limited,,weworkremotely,Trojan Holdings Limited,,,,,,Full-Stack Programming Jobs,,"['Contract', 'Anywhere in the World']","Queenstown, New Zealand"
Senior Full-Stack Developer,https://weworkremotely.com/company/kodify-media-group,,weworkremotely,Kodify Media Group,,,,,,Full-Stack Programming Jobs,,"['Full-Time', '$75,000 - $99,999 USD', 'Anywhere in the World']","Barcelona, Spain"
Lead Software Engineer,https://weworkremotely.com/company/perfect-stealth-technology-startup,,weworkremotely,Perfect (Stealth Technology Startup),,,,,,Full-Stack Programming Jobs,,"['Contract', '$50,000 - $74,999 USD', 'Anywhere in the World']","New York, NY"
Senior Full Stack Developer (Ruby on Rails / React),https://weworkremotely.com/company/shopra,,weworkremotely,Shopra,,,,,,Full-Stack Programming Jobs,,"['Contract', 'Anywhere in the World']",Calgary Alberta Canada
Full Stack Developer,https://weworkremotely.com/company/claimforge,,weworkremotely,ClaimForge,,,,,,Full-Stack Programming Jobs,,"['Contract', 'ðŸ‡ºðŸ‡¸ United States of America']","Boston, MA"
PHP/MySQL Web Developers (Mid-Level & Entry-Level),https://weworkremotely.com/company/empowerdb,,weworkremotely,EmpowerDB,,,,,,Full-Stack Programming Jobs,,"['Full-Time', '$75,000 - $99,999 USD', 'Anywhere in the World']",N/A
acecompressionfittings.com Remote E-Commerce Manager (Shopify + ERP + Digital Campaigns),https://weworkremotely.com/company/ace-stainless-supply,,weworkremotely,Ace Stainless Supply,,,,,,Full-Stack Programming Jobs,,"['Full-Time', '$10,000 - $25,000 USD', 'Anywhere in the World']","SANTA ANA, CA"
PHP Engineer,https://weworkremotely.com/company/mailerlite,,weworkremotely,MailerLite,,,,,,Full-Stack Programming Jobs,,"['Top 100', 'Full-Time', 'Anywhere in the World']",USA
Full Stack Javascript Developer (Shape Up + Small team),https://weworkremotely.com/company/inovo-studios,,weworkremotely,Inovo Studios,,,,,,Full-Stack Programming Jobs,,"['Contract', 'Anywhere in the World']","Nashville, TN"
Full-Stack Engineer,https://weworkremotely.com/company/dynamicare-health,,weworkremotely,DynamiCare Health,,,,,,Full-Stack Programming Jobs,,"['Full-Time', '$100,000 or more USD', 'ðŸ‡ºðŸ‡¸ United States of America']","Boston, MA, USA"
Senior Software Engineer,https://weworkremotely.com/company/intellisync-srl,,weworkremotely,Intellisync SRL,,,,,,Full-Stack Programming Jobs,,"['Full-Time', 'Anywhere in the World']","Acireale, Italy"
Senior Blockchain Developer,https://weworkremotely.com/company/lemon-io,,weworkremotely,Lemon.io,,,,,,Full-Stack Programming Jobs,,"['Top 100', 'Full-Time', 'Anywhere in the World']","New York, NY"
Senior Software Engineer - BRAZIL,https://weworkremotely.com/company/commure-athelas,,weworkremotely,Commure/Athelas,,,,,,Full-Stack Programming Jobs,,"['Contract', 'Anywhere in the World']","Mountain View, CA"
Sr. Full Stack Software Engineer (React Native),https://weworkremotely.com/company/meo-health,,weworkremotely,Meo Health,,,,,,Full-Stack Programming Jobs,,"['Full-Time', '$75,000 - $99,999 USD', 'ðŸ‡¨ðŸ‡¦ Canada']",Canada
Senior Independent Software Developer ($90-$170/hr),https://weworkremotely.com/company/a-team,,weworkremotely,A.Team,,,,,,Full-Stack Programming Jobs,,"['Contract', 'Anywhere in the World']","NYC, SF, and TLV"
Senior Full-Stack Software Engineer (Remote),https://weworkremotely.com/company/skedda,,weworkremotely,Skedda,,,,,,Full-Stack Programming Jobs,,"['Full-Time', '$75,000 - $99,999 USD', 'ðŸ‡¦ðŸ‡© Andorra', 'ðŸ‡¦ðŸ‡± Albania', 'ðŸ‡¦ðŸ‡¹ Austria', 'ðŸ‡§ðŸ‡¦ Bosnia and Herzegovina', 'ðŸ‡§ðŸ‡ª Belgium', 'ðŸ‡¨ðŸ‡¿ Czechia', 'ðŸ‡©ðŸ‡ª Germany', 'ðŸ‡©ðŸ‡° Denmark', 'ðŸ‡«ðŸ‡· France', 'ðŸ‡¬ðŸ‡§ United Kingdom of Great Britain and Northern Ireland', 'ðŸ‡¬ðŸ‡® Gibraltar', 'ðŸ‡­ðŸ‡· Croatia', 'ðŸ‡­ðŸ‡º Hungary', 'ðŸ‡®ðŸ‡ª Ireland', 'ðŸ‡®ðŸ‡¹ Italy', 'ðŸ‡±ðŸ‡® Liechtenstein', 'ðŸ‡±ðŸ‡º Luxembourg', 'ðŸ‡²ðŸ‡¨ Monaco', 'ðŸ‡²ðŸ‡° North Macedonia', 'ðŸ‡²ðŸ‡¹ Malta', 'ðŸ‡µðŸ‡± Poland', 'ðŸ‡·ðŸ‡¸ Serbia']",Boston
Senior Software Engineer,https://weworkremotely.com/company/edreports-org,,weworkremotely,EdReports.org,,,,,,Full-Stack Programming Jobs,,"['Full-Time', '$100,000 or more USD', 'ðŸ‡ºðŸ‡¸ United States of America']","Decatur, IL"
Javascript Fullstack Engineer - Senior,https://weworkremotely.com/company/lumenalta,,weworkremotely,Lumenalta,,,,,,Full-Stack Programming Jobs,,"['Top 100', 'Full-Time', '$50,000 - $74,999 USD', 'Anywhere in the World']",New York
"Full Stack Engineer (NestJS, Next.js, PostgreSQL) â€“ Data Pipelines & Reporting - 6 month contract",https://weworkremotely.com/company/pronto-pilates-pty-ltd,,weworkremotely,Pronto Pilates Pty Ltd,,,,,,Full-Stack Programming Jobs,,"['Contract', 'ðŸ‡¦ðŸ‡ª United Arab Emirates', 'ðŸ‡§ðŸ‡· Brazil', 'ðŸ‡ªðŸ‡¬ Egypt', 'ðŸ‡®ðŸ‡³ India', 'ðŸ‡®ðŸ‡¹ Italy', 'ðŸ‡°ðŸ‡ª Kenya', 'ðŸ‡±ðŸ‡° Sri Lanka', 'ðŸ‡³ðŸ‡µ Nepal', 'ðŸ‡µðŸ‡­ Philippines', 'ðŸ‡µðŸ‡° Pakistan', 'ðŸ‡µðŸ‡± Poland', 'ðŸ‡·ðŸ‡´ Romania', 'ðŸ‡¹ðŸ‡³ Tunisia', 'ðŸ‡ºðŸ‡¦ Ukraine', 'ðŸ‡¿ðŸ‡¦ South Africa']",Western Australia
Senior Shopify Developer (Remote + Flexible),https://weworkremotely.com/company/storetasker,,weworkremotely,Storetasker,,,,,,Full-Stack Programming Jobs,,"['Contract', 'Anywhere in the World']","Brooklyn, NY"
Full Stack Developer/ Salesforce Engineer,https://weworkremotely.com/company/abby-connect,,weworkremotely,Abby Connect,,,,,,Full-Stack Programming Jobs,,"['Full-Time', '$25,000 - $48,999 USD', 'Anywhere in the World']","Las Vegas, NV"
Frontend Engineer,https://weworkremotely.com/company/mobena,,weworkremotely,Mobena,,,,,,Front-End Programming Jobs,,"['Full-Time', '$75,000 - $99,999 USD', 'ðŸ‡ºðŸ‡¸ United States of America']","New York, NY"
Senior React Native Developer,https://weworkremotely.com/company/proxify-ab,,weworkremotely,Proxify AB,,,,,,Front-End Programming Jobs,,"['Top 100', 'Full-Time', 'Anywhere in the World']",Sweden
"Tech Lead, Web Core Product & Chrome Extension",https://weworkremotely.com/company/speechify-inc,,weworkremotely,Speechify Inc,,,,,,Front-End Programming Jobs,,"['Contract', 'Anywhere in the World']",Florida
Coding bootcamp - Job Guaranteed,https://link.metana.io/weworkremotely,,weworkremotely,Metana,,,,,,Front-End Programming Jobs,,[],"Learn job-ready skills on your schedule with 1-on-1 support & get a job, or your money back."
"Software Engineer, iOS Core Product",https://weworkremotely.com/company/speechify-inc,,weworkremotely,Speechify Inc,,,,,,Front-End Programming Jobs,,"['Full-Time', 'Anywhere in the World']",Florida
Head of Product,https://weworkremotely.com/company/toggl,,weworkremotely,Toggl,,,,,,Product Jobs,,"['Featured', 'Top 100', 'Full-Time', '$100,000 or more USD', 'Anywhere in the World']","Tallinn, Estonia"
"Product Owner (Part-Time, Web App-Savvy) at Paperbell",https://weworkremotely.com/company/paperbell,,weworkremotely,Paperbell,,,,,,Product Jobs,,"['Contract', 'Anywhere in the World']",UK
QA Analyst,https://weworkremotely.com/company/wealthbox-crm,,weworkremotely,Wealthbox CRM,,,,,,Product Jobs,,"['Full-Time', 'Anywhere in the World']",Remote
Senior Independent Product Manager/Product Designer ($90-$170/hr),https://weworkremotely.com/company/a-team,,weworkremotely,A.Team,,,,,,Product Jobs,,"['Full-Time', 'Anywhere in the World']","NYC, SF, and TLV"
Coding bootcamp - Job Guaranteed,https://link.metana.io/weworkremotely,,weworkremotely,Metana,,,,,,Product Jobs,,[],"Learn job-ready skills on your schedule with 1-on-1 support & get a job, or your money back."
[Remote] Supply Chain Coordinator - Cosmetics & Perfumes eCommerce-Full time,https://weworkremotely.com/company/orca-international,,weworkremotely,Orca International,,,,,,Product Jobs,,"['Full-Time', 'ðŸ‡µðŸ‡± Poland']",Switzerland
Product Manager with PPC Marketing Experience,https://weworkremotely.com/company/clickguard-inc,,weworkremotely,ClickGUARD Inc.,,,,,,Product Jobs,,"['Contract', 'Anywhere in the World']",America
Product Manager (m/f/d) (Remote â€“ CET Â±4h),https://weworkremotely.com/company/socialhub,,weworkremotely,SocialHub,,,,,,Product Jobs,,"['Full-Time', '$50,000 - $74,999 USD', 'ðŸ‡¦ðŸ‡¹ Austria', 'ðŸ‡©ðŸ‡ª Germany', 'ðŸ‡ªðŸ‡¸ Spain', 'ðŸ‡«ðŸ‡® Finland', 'ðŸ‡«ðŸ‡· France', 'ðŸ‡¬ðŸ‡· Greece', 'ðŸ‡­ðŸ‡º Hungary', 'ðŸ‡®ðŸ‡¹ Italy', 'ðŸ‡µðŸ‡± Poland', 'ðŸ‡µðŸ‡¹ Portugal', 'ðŸ‡¸ðŸ‡® Slovenia']","SchÃ¼tterlettenweg 4, 85053 Ingolstadt, Deutschland"
Product Manager,https://weworkremotely.com/company/payara-services,,weworkremotely,Payara Services,,,,,,Product Jobs,,"['Full-Time', '$75,000 - $99,999 USD', 'Anywhere in the World']","Malvern, UK"
